model;group_by_model;YR_es;YR_fr;name_single_product;name;summary;qty;ean1;color_group_hex;color_child;status;weight;brand;price;special_price;short_description;long_description;cross_selling;cross_selling_cart;size_chart;image1;image2;image3;image4;image5;image6;image7;image8;image9;application_advice;attribute_format_container;vegetal_active;attribute_container;attribute_coverage;inci;variant_icon;attribute_face;attribute_esencia;attribute_line;attribute_hair_type;attribute_type_perfume;attribute_effect;attribute_texture;attribute_type_skin;attribute_zone;attribute_ip_solar;attribute_action;attribute_class;attribute_type_product;attribute_type_care;attribute_need;category_1_1;category_1_2;category_1_3;category_2_1;category_2_2;category_2_3;category_3_1;category_3_2;category_3_3;category_4_1;category_4_2;category_4_3;category_5_1;category_5_2;category_5_3;category_6_1;category_6_2;category_6_3;category_7_1;category_7_2;category_7_3;category_8_1;category_8_2;category_8_3;category_9_1;category_9_2;category_9_3;category_10_1;category_10_2;category_10_3;category_11_1;category_11_2;category_11_3;category_12_1;category_12_2;category_12_3;category_13_1;category_13_2;category_13_3;category_14_1;category_14_2;category_14_3;attribute_beauty;configurable_variations
YR-MODEL-1;Grand Rouge Matte;23432;23432;Labial Grand Rouge MAT 150 3,7 g;Barra de Labios Grand Rouge Mate;Ultra mate y confortable;;3660005234328;;;;;Yves Rocher;10990;;Barra de Labios Grand Rouge Mate;Acabado mate con una textura confortable.<br/>Su fórmula enriquecida con Aceita de Camelia, ofrece un acabado mate sin resecar los labios.<br/><br/><b>Su Punto Fuerte:</b> su textura confortable, un resultado mate sin resecar los labios.<br/>0% Silicona, 0% Parabenos, 0% Aceites Minerales.<br/><br/>Eficacia probada:<br/>Duración hasta 8hrs.*<br/>Sometido a un test bajo control dermatológico.<br/><br/>*Prueba de eficacia obtenida sobre 13 mujeres.;18335,30527,48857,05284,60226;60226,05284,17848,28206;;23432_1.png;;;;;;;;;APPLICATION_ADVICE_GRMAT;Tubo;VEGETAL_CAMELIA_GRAND_ROUGE;3.7 gr;0;"OCTYLDODECANOL•OLUS OIL/VEGETABLE OIL/HUILE VEGETALE•RICINUS COMMUNIS (CASTOR) SEED OIL•CANDELILLA CERA/EUPHORBIA CERIFERA (CANDELILLA) WAX/CIRE DE CANDELILLA•CERA MICROCRISTALLINA/MICROCRYSTALLINE WAX/CIRE MICROCRISTALLINE•CERA ALBA/BEESWAX/CIRE D ABEILLE•TALC•C20-40 ALCOHOLS•GLYCERYL BEHENATE•HYDROGENATED VEGETABLE OIL•STEARALKONIUM HECTORITE•CAMELLIA OLEIFERA SEED OIL•SILICA SILYLATE•PARFUM/FRAGRANCE•PROPYLENE CARBONATE•LAUROYL LYSINE•TOCOPHERYL ACETATE•BENZYL ALCOHOL•[+/- (MAY CONTAIN/PEUT CONTENIR)•MICA•CI 12085 (RED 36)•CI 15850 (RED 6)•CI 15850 (RED 7 LAKE)•CI 16035 (RED 40 LAKE)•CI 19140 (YELLOW 5 LAKE)•CI 42090 (BLUE 1 LAKE)•CI 45380 (RED 21 LAKE)•CI 45410 (RED 27 LAKE)•CI 73360 (RED 30)•CI 77491 (IRON OXIDES)•CI 77492 (IRON OXIDES)•CI 77499 (IRON OXIDES)•CI 77891 (TITANIUM DIOXIDE)•]";23432-m-spark.jpg;0;0;Grand Rouge;0;0;Mate;0;;Labios;;0;Labiales;Labial Barra;;;Maquillaje;0;0;Maquillaje;0;0;Maquillaje;0;0;Maquillaje;0;0;Maquillaje;Lineas;COULEURS NATURE;Maquillaje;Labios;Labial Barra;Maquillaje;0;0;Maquillaje;0;0;Maquillaje;0;0;Maquillaje;0;0;Maquillaje;0;0;Maquillaje;0;0;Maquillaje;0;0;Maquillaje;0;0;beauty_advice_yrab0059;sku=YR-23432,color=23432-150. Rosa Blush|sku=YR-23770,color=23770-151. Ciruela Profunda|sku=YR-24128,color=24128-152. Rosa Frambuesa|sku=YR-24480,color=24480-153. Mora Exquisita|sku=YR-24881,color=24881-154. Rosa Brillante|sku=YR-25233,color=25233-155. Rosa Fucsia|sku=YR-25646,color=25646-156. Rojo Llamativo|sku=YR-26038,color=26038-157. Grosella Negra|sku=YR-3333,color=3333-77. Un Color|sku=YR-3333,color=3333-77. Un Color|sku=YR-3333,color=3333-77. Un Color|sku=YR-3333,color=3333-77. Un Color
YR-MODEL-2;Grand Rouge Elixir Matte;20633;20633;Labial Liq GD Rouge Elixir  107 7 ml;Barra de Labios Líquida L'Elixir;Larga duración 12h*;;3660005206332;;;;;Yves Rocher;12990;;Barra de Labios Líquida L'Elixir;Grand Rouge  L'elixir es la combinación perfecta entre los activos vegetales y su fórmula con alta concentración en pigmentos.<br/>Fórmula súper concentrada en aceite de Camelia regenerante** que proporciona una textura ultra confortable. <br/><br/>Fórmula con alta concentración en pigmentos que aseguran una <b>máxima cobertura.</b>  Un acabado mate de <b>larga duración 12h*.</b><br/><b>Fórmula respetuosa: </b>Sin carmín de cochinilla ni parabenos.<br/><br/>Eficacia comprobada: 12h* de duración. El 96% de las mujeres encuentran que el color sobre sus labios es intenso** o el 80% de las mujeres encuentran que la textura sobre sus labios es confortable.<br/><br/>Fórmula testada bajo control dermatológico.<br/>*Test de eficacia realizado sobre 11 mujeres** Prueba de uso realizada sobre 102 mujeres durante 10 días consecutivos*** Pruebas in vitro;06159,60226,30667,45367,88164;06159,00599,46463,60226;;20633_1.png;;;;;;;;;APPLICATION_ADVICE_GRLELIXIR;Mini frasco;VEGETAL_CAMELIA_GRAND_ROUGE;7.0 ml;0;"DIMETHICONE•TRIISOSTEARYL TRILINOLEATE•BIS-DIGLYCERYL POLYACYLADIPATE-2•VINYL DIMETHICONE/METHICONE SILSESQUIOXANE CROSSPOLYMER•GLYCERYL BEHENATE•TRIISOSTEAROYL POLYGLYCERYL-3 DIMER DILINOLEATE•CAMELLIA OLEIFERA SEED OIL•DIMETHICONE CROSSPOLYMER•CERA ALBA/BEESWAX/CIRE D ABEILLE•PARFUM/FRAGRANCE•[+/- (MAY CONTAIN/PEUT CONTENIR)•CI 12085 (RED 36)•CI 15850 (RED 6)•CI 15850 (RED 7 LAKE)•CI 16035 (RED 40 LAKE)•CI 19140 (YELLOW 5 LAKE)•CI 42090 (BLUE 1 LAKE)•CI 45380 (RED 21 LAKE)•CI 45410 (RED 27 LAKE)•CI 73360 (RED 30)•CI 77491 (IRON OXIDES)•CI 77492 (IRON OXIDES)•CI 77499 (IRON OXIDES)•CI 77891 (TITANIUM DIOXIDE)•]";20633-m-spark.jpg;0;0;Grand Rouge Elixir;0;0;Mate;Líquido;;Labios;;0;Labiales;Labial Líquido;;;Maquillaje;0;0;Maquillaje;0;0;Maquillaje;0;0;Maquillaje;0;0;Maquillaje;Lineas;COULEURS NATURE;Maquillaje;Labios;Labial Líquido;Maquillaje;0;0;Maquillaje;0;0;Maquillaje;0;0;Maquillaje;0;0;Maquillaje;0;0;Maquillaje;0;0;Maquillaje;0;0;Maquillaje;0;0;beauty_advice_yrab0059;sku=YR-20633,color=20633-107. Rosa Chispeante|sku=YR-21156,color=21156-108. Frambuesa Profunda|sku=YR-21592,color=21592-109. Rosa Intenso|sku=YR-22098,color=22098-110. Amapola|sku=YR-22491,color=22491-111. Rojo Rosáceo|sku=YR-22874,color=22874-112. Burdeos|sku=YR-17848,color=17848-101. Rosa Nude|sku=YR-18335,color=18335-102. Rosa Blush|sku=YR-19275,color=19275-104. Lilas|sku=YR-20213,color=20213-106. Púrpura
YR-MODEL-3;Rouge Vertige Satinado;25161;25161;Labial Rouge Vertige Satinado 30 3,7 g;Barra de Labios Rouge Vertige Satinado;Unos labios sublimados y nutridos;;3660005251615;;;;;Yves Rocher;8990;;Barra de Labios Rouge Vertige Satinado;"Colores brillantes que visten, un tratamiento nutritivo que envuelve. <br/><br/>28 tonos y efectos desde el más delicado de los nude al más intenso de los rojos; infinitas variaciones para embellecer a todas las mujeres. <br/>Colores resplandecientes asociados a una textura tratamiento al aceite de Cereza nutritivo para un confort absoluto. <br/><br/><b>Su +</b> : Textura fundente. <br/>Eficacia constatada: 79% de las mujeres declaran que el color resplandece sobre los labios*. <br/><p style=""font-size:9px;"">*Test realizado sobre 105 mujeres durante 7 días</p>";04732,51097,55987,69812;51097,05284,52124;;25161_1.png;;;;;;;;;APPLICATION_ADVICE_ROUGE_VERTIGE_2017;Tubo;VEGETAL_CERISE;3.7 gr;0;"SESAMUM INDICUM (SESAME) SEED OIL•COCOS NUCIFERA (COCONUT) OIL•CERA MICROCRISTALLINA/MICROCRYSTALLINE WAX/CIRE MICROCRISTALLINE•BUTYROSPERMUM PARKII (SHEA) BUTTER•PROPYLHEPTYL CAPRYLATE•POLYGLYCERYL-3 DIISOSTEARATE•PENTAERYTHRITYL TETRAISOSTEARATE•TRIISOSTEAROYL POLYGLYCERYL-3 DIMER DILINOLEATE•BIS-DIGLYCERYL POLYACYLADIPATE-2•PRUNUS ARMENIACA (APRICOT) KERNEL OIL•C30-50 ALCOHOLS•CANDELILLA CERA/EUPHORBIA CERIFERA (CANDELILLA) WAX/CIRE DE CANDELILLA•PRUNUS AVIUM (SWEET CHERRY) SEED OIL•TOCOPHERYL ACETATE•DISTEARDIMONIUM HECTORITE•PARFUM/FRAGRANCE•LECITHIN•CITRIC ACID•BHT•GERANIOL•CITRONELLOL•LINALOOL•BENZYL ALCOHOL•[+/- (MAY CONTAIN/PEUT CONTENIR)•CALCIUM ALUMINUM BOROSILICATE•MICA•SILICA•SYNTHETIC FLUORPHLOGOPITE•TIN OXIDE•CI 12085 (RED 36)•CI 15850 (RED 6)•CI 15850 (RED 7 LAKE)•CI 16035 (RED 40 LAKE)•CI 19140 (YELLOW 5 LAKE)•CI 42090 (BLUE 1 LAKE)•CI 45380 (RED 21 LAKE)•CI 45410 (RED 27 LAKE)•CI 73360 (RED 30)•CI 77491 (IRON OXIDES)•CI 77492 (IRON OXIDES)•CI 77499 (IRON OXIDES)•CI 77891 (TITANIUM DIOXIDE)•]";25161-m-spark.jpg;0;0;Rouge Vertige;0;0;Satinado;0;;Labios;;0;Labiales;Labial Barra;;;Maquillaje;0;0;Maquillaje;0;0;Maquillaje;0;0;Maquillaje;0;0;Maquillaje;Lineas;COULEURS NATURE;Maquillaje;Labios;Labial Barra;Maquillaje;0;0;Maquillaje;0;0;Maquillaje;0;0;Maquillaje;0;0;Maquillaje;0;0;Maquillaje;0;0;Maquillaje;0;0;Maquillaje;0;0;beauty_advice_yrab0059;sku=YR-25161,color=25161-30. Rosa Suave|sku=YR-25395,color=25395-31. Rosa Polvo|sku=YR-25642,color=25642-32. Rosa Blush|sku=YR-26357,color=26357-36. Rojo Ladrillo|sku=YR-26791,color=26791-38. Rosa Glacé|sku=YR-27329,color=27329-41. Malva|sku=YR-27529,color=27529-42. Grosella Negra|sku=YR-27679,color=27679-43. Moras|sku=YR-35710,color=35710-45. Rosa Profundo|sku=YR-36207,color=36207-45. Rosa Pop|sku=YR-37022,color=37022-49. Fucsia|sku=YR-37281,color=37281-50. Rojo Grosella|sku=YR-37518,color=37518-51. Melocotón Iridiscente|sku=YR-38211,color=38211-53. Coral|sku=YR-38850,color=38850-55. Rojo Amapola|sku=YR-39254,color=39254-56. Rojo Brillante
YR-MODEL-4;Rouge Vertige Brillante;22634;22634;Labial Rouge Vertige Brillante 03 3,5 g;Barra Labios Rouge Vertige Brillante;Acabado brillante, nutrición intensa;;3660005226347;;;;;Yves Rocher;8990;;Barra Labios Rouge Vertige Brillante;"Colores radiantes y acabado brillante, combinados con una textura fundente de tratamiento.<br />
Enriquecido con aceite de cereza nutritivo para un confort absoluto.<br />
10 Tonos desde el más delicado nude al rojo más intenso.<br />";04732,51097,24649,69812;51097,05284,52124;;22634_1.png;;;;;;;;;APPLICATION_ADVICE_ROUGE_VERTIGE_2017;Tubo;VEGETAL_CERISE;3.5 gr;0;"PENTAERYTHRITYL TETRAISOSTEARATE•PROPYLHEPTYL CAPRYLATE•BIS-DIGLYCERYL POLYACYLADIPATE-2•POLYBUTENE•OCTYLDODECANOL•HYDROGENATED POLYISOBUTENE•POLYETHYLENE•VP/EICOSENE COPOLYMER•METHYL HYDROGENATED ROSINATE•CANDELILLA CERA/EUPHORBIA CERIFERA (CANDELILLA) WAX/CIRE DE CANDELILLA•CERA ALBA/BEESWAX/CIRE D ABEILLE•SYNTHETIC WAX•HYDROGENATED MICROCRYSTALLINE WAX•PRUNUS AVIUM (SWEET CHERRY) SEED OIL•PARFUM/FRAGRANCE•BHT•BENZYL ALCOHOL•LECITHIN•[+/- (MAY CONTAIN/PEUT CONTENIR)•MICA•SILICA•SYNTHETIC FLUORPHLOGOPITE•TIN OXIDE•CI 12085 (RED 36)•CI 15850 (RED 6)•CI 15850 (RED 7 LAKE)•CI 16035 (RED 40 LAKE)•CI 19140 (YELLOW 5 LAKE)•CI 42090 (BLUE 1 LAKE)•CI 45380 (RED 21 LAKE)•CI 45410 (RED 27 LAKE)•CI 73360 (RED 30)•CI 77491 (IRON OXIDES)•CI 77492 (IRON OXIDES)•CI 77499 (IRON OXIDES)•CI 77891 (TITANIUM DIOXIDE)•]";;0;0;Rouge Vertige;0;0;Brillante;0;;Labios;;0;Labiales;Labial Barra;;;Maquillaje;0;0;Maquillaje;0;0;Maquillaje;0;0;Maquillaje;0;0;Maquillaje;Lineas;COULEURS NATURE;Maquillaje;Labios;Labial Barra;Maquillaje;0;0;Maquillaje;0;0;Maquillaje;0;0;Maquillaje;0;0;Maquillaje;0;0;Maquillaje;0;0;Maquillaje;0;0;Maquillaje;0;0;beauty_advice_yrab0059;sku=YR-22634,color=03. Nude|sku=YR-22824,color=04. Nude|sku=YR-23004,color=05. Mauve|sku=YR-23536,color=08. Mauve|sku=YR-23872,color=10. Rose|sku=YR-24463,color=13. Rose|sku=YR-40399,color=16. Rouge|sku=YR-40938,color=18. Rouge|sku=YR-24283,color=12. Rosa Brillante|sku=YR-24882,color=15. Rojo Anaranjado
YR-MODEL-5;Blush Couleurs Nature;12198;1074;Colorete 02 Rose Camélia 4 g;Colorete Color Vegetal;Velo de color efecto buen aspecto;;3660005121987;;;;;Yves Rocher;10990;;Colorete Color Vegetal;10 nuevos tonos vibrantes ultrapigmentados para conseguir un efecto buen aspecto de inmediato.<br/><br/>Su nueva fórmula, un polvo fino ultra suave y fácil de utilizar, está enriquecida con Aceite de Rosa Mosqueta, lo que le aporta un delicado perfume. 3 acabados diferentes disponibles: Mate, nacarados y con purpurina. 10 tonos diferentes inspirados en las múltiples facetas de la rosa.;47298,00553,21718,52832,44684,73889;69285,72289,05829;;1074_1.png;;;;;;;;;APPLICATION_ADVICE_BLUSH;Caja;0;4.0 gr;0;"TALC•MICA•ALUMINUM STARCH OCTENYLSUCCINATE•ISOPROPYL ISOSTEARATE•MAGNESIUM MYRISTATE•POLYMETHYLSILSESQUIOXANE•NYLON-12•ETHYLHEXYLGLYCERIN•ROSA CANINA FRUIT OIL•PARFUM/FRAGRANCE•SORBIC ACID•LECITHIN•TOCOPHEROL•GLYCERYL STEARATE•ASCORBYL PALMITATE•GLYCERYL OLEATE•CITRIC ACID•[+/- (MAY CONTAIN/PEUT CONTENIR)•SILICA•TIN OXIDE •CI 16035 (RED 40 LAKE)•CI 19140 (YELLOW 5 LAKE)•CI 42090 (BLUE 1 LAKE)•CI 45410 (RED 27 LAKE)•CI 77007 (ULTRAMARINES)•CI 77491/CI 77492/CI 77499 (IRON OXIDES)•CI 77742 (MANGANESE VIOLET)•CI 77891 (TITANIUM DIOXIDE)•]•";01074-m-spark.jpg;0;0;COULEURS NATURE;0;0;0;0;;0;;0;Polvos;Blush;;;Maquillaje;0;0;Maquillaje;0;0;Maquillaje;0;0;Maquillaje;0;0;Maquillaje;Lineas;COULEURS NATURE;Maquillaje;0;0;Maquillaje;0;0;Maquillaje;Rostro;Blush;Maquillaje;0;0;Maquillaje;0;0;Maquillaje;0;0;Maquillaje;0;0;Maquillaje;0;0;Maquillaje;0;0;beauty_advice_yrab0059;sku=YR-12198,color=01074-02. Rosa Camelia|sku=YR-01370,color=01370-03. Bois de Rose|sku=YR-12910,color=01962-06. Rosa Melocotón|sku=YR-13106,color=02173-07. Rosa Capuccino
YR-MODEL-6;Corrector Ojera Zero Defaut;90872;81221;Corrector Piel Perfecta en Barra Cero Defectos Beige Clair 1,4 g;Corrector Piel Perfecta;Cubre perfectamente imperfecciones y ojeras;;3660005908724;;;;;Yves Rocher;9990;;Corrector Piel Perfecta;0;86823,00445,89973,26339,01961,47298;89973,26339,01961,47298;;81221_2.png;;;;;;;;;application_advice_81221;0;0;1.4 gr;0;"RICINUS COMMUNIS (CASTOR) SEED OIL•OCTYLDODECANOL•ARACHIDYL PROPIONATE•OLEYL ALCOHOL•CANDELILLA CERA/EUPHORBIA CERIFERA (CANDELILLA) WAX/CIRE DE CANDELILLA•ETHYLHEXYL COCOATE•SYNTHETIC WAX•SYNTHETIC BEESWAX•PARAFFIN•HYDROGENATED POLYDECENE•NYLON-12•HYDROGENATED MICROCRYSTALLINE WAX•PEG-45/DODECYL GLYCOL COPOLYMER•ROSA CANINA FRUIT OIL•PARFUM/FRAGRANCE•TOCOPHERYL ACETATE•TOCOPHEROL•HYDROGENATED PALM GLYCERIDES CITRATE•PENTAERYTHRITYL TETRA-DI-t-BUTYL HYDROXYHYDROCINNAMATE•BHT•[+/- (MAY CONTAIN/PEUT CONTENIR)•CI 77491/CI 77492/CI 77499 (IRON OXIDES)•CI 77891 (TITANIUM DIOXIDE) •]";81221-m-spark.jpg;0;0;Zero Defaut;0;0;0;0;0;0;;0;Corrector y anti-ojeras;Corrector Ojera;;;Maquillaje;0;0;Maquillaje;0;0;Maquillaje;0;0;Maquillaje;0;0;Maquillaje;Lineas;COULEURS NATURE;Maquillaje;0;0;Maquillaje;Ojos;Corrector Ojera;Maquillaje;0;0;Maquillaje;0;0;Maquillaje;0;0;Maquillaje;0;0;Maquillaje;0;0;Maquillaje;0;0;Maquillaje;0;0;beauty_advice_yrab0034;sku=YR-90872,color=81221-Beige Claro|sku=YR-91582,color=Sin color|sku=YR-91786,color=Sin color
YR-MODEL-7;Base Líquida Pure Light;91318;91318;Base Nude Piel Perfecta BEIGE 100 30 ml;Fondo de Maquillaje Hidratante Efecto Nude;¡El Nude que no reseca la piel!;;3660005913186;;;;;Yves Rocher;19990;;Fondo de Maquillaje Hidratante Efecto Nude;Fondo de maquillaje que asocia la ligereza y el poder hidratante.<br/>Por fin un fondo de maquillaje nude que no reseca la piel. <br/>Una tez ultra natural e hidratación duradera gracias a su  textura ultra fluida.<br/>Gracias a su fórmula  no comedogénica y no oclusiva, los poros no se obstruyen y la piel respira.<br/>Enriquecida con Agua celular de Edulis con gran poder hidratante*.<br/><br/><b>Su punto fuerte:</b>su dosificador práctico y cómodo, que permite obtener la cantidad apropiada para cada aplicación.<br/>Eficacia comprobada: <br/>-hidratación duradera - 6 horas** <br/>-para el 91% de las mujeres no reseca la piel***<br/><br/>96% de los ingredientes de origen natural, 0% alcohol, sin parabenos ni siliconas.<br/><br/>Cartón procedente de bosques gestionados responsablemente.<br/><br/>Más de 100 mujeres lo han probado bajo la supervisión de un dermatólogo.<br/>*Test in vitro. Patente registrada en Francia.<br/>**Prueba de eficacia sobre 12 mujeres.<br/>***Prueba de satisfacción sobre 22 voluntarios durante 3 semanas.<br/>;0;0;;91318_1.png;;;;;;;;;APPLICATION_ADVICE_NDTTPURELIGHT;Frasco;VEGETAL_PURELIGHT2018;30.0 ml;0;"AQUA/WATER/EAU•PROPYLENE GLYCOL.•GLYCERIN•PENTYLENE GLYCOL.•MICROCRYSTALLINE CELLULOSE•OCTYLDODECANOL•TALC•BETAINE•C14-22 ALCOHOLS•INOSITOL•CELLULOSE GUM•ETHYLHEXYLGLYCERIN•CARPOBROTUS EDULIS EXTRACT•C12-20 ALKYL GLUCOSIDE•SORBIC ACID•PARFUM/FRAGRANCE•TETRASODIUM EDTA•XANTHAN GUM•SODIUM BENZOATE•LACTIC ACID•TOCOPHEROL•POTASSIUM SORBATE•CITRIC ACID•[+/- (MAY CONTAIN/PEUT CONTENIR)•CI 77491 (IRON OXIDES)•CI 77492 (IRON OXIDES)•CI 77499 (IRON OXIDES)•CI 77891 (TITANIUM DIOXIDE)•]";91318-m-spark.jpg;Beige;0;Pure Light;0;0;0;0;Todos los tipos de piel;Fondo;;0;Base;Base Líquida;;;Maquillaje;0;0;Maquillaje;0;0;Maquillaje;0;0;Maquillaje;0;0;Maquillaje;Lineas;COULEURS NATURE;Maquillaje;0;0;Maquillaje;0;0;Maquillaje;Rostro;Base Líquida;Maquillaje;0;0;Maquillaje;0;0;Maquillaje;0;0;Maquillaje;0;0;Maquillaje;0;0;Maquillaje;0;0;beauty_advice_yrab0059;sku=YR-91318,color=91318-Beige 100|sku=YR-91368,color=91368-Beige 200|sku=YR-91567,color=91567-Beige 300|sku=YR-91853,color=91853-Dorado 100|sku=YR-90956,color=90956-Rosáceo 100|sku=YR-91157,color=91157-Rosáceo 200|sku=YR-91271,color=91271-Rosáceo 300
YR-MODEL-8;Base Líquida Zero Defaut;86419;86419;Base Facial Fluido Cero Defectos Beige 100 30 ml;Fondo de Maquillaje Piel Perfecta 14H;Un cutis perfecto y una cobertura impecable durante 14 horas;;3660005864198;;;;;Yves Rocher;16990;;Fondo de Maquillaje Piel Perfecta 14H;El Fondo de Maquillaje Piel Perfecta 14 horas camufla las imperfecciones y unifica la piel,  ¡para una piel perfecta!<br/> El Fondo de Maquillaje Piel Perfecta 14 horas consigue:<br/>- Un Maquillaje Cutis perfecto.<br/>- Tono de piel uniforme.<br/>- Larga duración.<br/><br/>Una muy buena cobertura ultra fina que se fusiona perfectamente con la piel y que goza de gran duración en tu piel. Aporta un resultado  Zéro Défaut y un cutis perfecto para cualquier tono de piel.<br/><br/>Una cobertura irreprochable durante 14h*.<br/>*Estudio clínico objetivo sobre19 mujeres.<br/><br/><b>Consejos de utilización:</b> Aplicar sobre el rostro después del Tratamiento de día con la ayuda de una brocha de Maquillaje.<br/><br/>Compromisos Cosmétique Végétale®:<br/>- Pigmentos Fusion Vegetal-Mineral extracto de Grano de Soja.<br/>- Sin Parabenos.<br/>- Formula testada bajo control dermatológico.<br/>- Envase reciclable y el carton procedentes de bosques controlados.<br/><br/>;81221,00445,26339,70458,47298,00159;70458,47298,00159;;86419_1.png;;;;;;;;;application_advice_85434;Frasco dosificador;0;30.0 ml;Intenso;"AQUA/WATER/EAU•ISOPROPYL MYRISTATE•DIMETHICONE•TALC•ISODODECANE•COCO-CAPRYLATE/CAPRATE•CENTAUREA CYANUS FLOWER WATER•GLYCERIN•METHYLPROPANEDIOL•CETYL PEG/PPG-10/1 DIMETHICONE•PENTYLENE GLYCOL•MAGNESIUM SULFATE•POLYGLYCERYL-4 ISOSTEARATE•STEARALKONIUM HECTORITE•LECITHIN•HEXYL LAURATE•METHYL METHACRYLATE CROSSPOLYMER•PHENOXYETHANOL•DISTEARDIMONIUM HECTORITE•HYDROGENATED LECITHIN•PROPYLENE CARBONATE•ETHYLHEXYLGLYCERIN•DIMETHICONE CROSSPOLYMER•PARFUM/FRAGRANCE•XANTHAN GUM•TOCOPHEROL•GLYCINE SOJA (SOYBEAN) OIL•TETRASODIUM EDTA•SODIUM BENZOATE•CITRIC ACID•POTASSIUM SORBATE•APHLOIA THEIFORMIS LEAF EXTRACT•[+/- (MAY CONTAIN/PEUT CONTENIR)•MICA•SILICA•CI 77491/CI 77492/CI 77499 (IRON OXIDES)•CI 77891 (TITANIUM DIOXIDE)•]";86419-m-spark.jpg;Beige;0;Zero Defaut;0;0;0;Líquido;0;Fondo;;0;Base;Base Líquida;;;Maquillaje;0;0;Maquillaje;0;0;Maquillaje;0;0;Maquillaje;0;0;Maquillaje;Lineas;COULEURS NATURE;Maquillaje;0;0;Maquillaje;0;0;Maquillaje;Rostro;Base Líquida;Maquillaje;0;0;Maquillaje;0;0;Maquillaje;0;0;Maquillaje;0;0;Maquillaje;0;0;Maquillaje;0;0;beauty_advice_yrab0034;sku=YR-86419,color=86419-Beige 100|sku=YR-86823,color=86823-Beige 200|sku=YR-87196,color=87196-Beige 300|sku=YR-87542,color=87542-Beige 400|sku=YR-88004,color=88004-Dorado 100|sku=YR-07661,color=07661-Rosáceo 100|sku=YR-08296,color=08296-Rosáceo 200|sku=YR-08975,color=08975-Rosáceo 300
YR-MODEL-9;Stylo Levres;6367;6367;Lápiz Contorno de Labios Alta Precisión_Beige 0,3 g;Lápiz Contorno de Labios;Tu mejor aliado para unos labios perfectamente definidos;;3660005063676;;;;;Yves Rocher;9990;;Lápiz Contorno de Labios;Tu mejor aliado para unos labios perfectamente definidos<br /><br />Lápiz Contorno de Labios de gran precisión para una mayor definición del contorno de los labios y de larga duración. Su textura suave y fundente aporta un trazo preciso y confortable. <br /><br /><b>Su punto fuerte</b> : Su mina retractible que guarda una mina fina, fácil de aplicar.<br /><br />Componentes de origen vegetal: El aceite de jojoba, cera de carnauba, cera de candelilla, la vitamina E. <br /> No contienen carmín o lanolina o aceite mineral.;;01961,69812,87376,23372;;06367_1.png;;;;;;;;;APPLICATION_ADVICE_06159;Bolígrafo;0;0.3 gr;0;"HYDROGENATED PALM KERNEL GLYCERIDES•CAPRYLIC/CAPRIC TRIGLYCERIDE•COPERNICIA CERIFERA CERA/COPERNICIA CERIFERA (CARNAUBA) WAX/CIRE DE CARNAUBA•STEARYL HEPTANOATE•POLYGLYCERYL-3 DIISOSTEARATE•CERA MICROCRISTALLINA/MICROCRYSTALLINE WAX/CIRE MICROCRISTALLINE•CANDELILLA CERA/EUPHORBIA CERIFERA (CANDELILLA) WAX/CIRE DE CANDELILLA•SIMMONDSIA CHINENSIS (JOJOBA) SEED OIL•OCTYLDODECANOL•SORBITAN PALMITATE•HYDROGENATED PALM GLYCERIDES•HYDROGENATED CASTOR OIL•CERA ALBA/BEESWAX/CIRE D ABEILLE•STEARALKONIUM HECTORITE•PROPYLENE CARBONATE•TOCOPHEROL•ASCORBYL PALMITATE•[+/- (MAY CONTAIN/PEUT CONTENIR)•MICA•CI 15850 (RED 6)•CI 15850 (RED 7 LAKE)•CI 45410 (RED 28 LAKE)•CI 77491 (IRON OXIDES)•CI 77492 (IRON OXIDES)•CI 77499 (IRON OXIDES)•CI 77742 (MANGANESE VIOLET)•CI 77891 (TITANIUM DIOXIDE)•";06367-m-spark.jpg;0;0;Stylo Levres;0;0;0;0;;Labios;;0;Delineador;Lápiz Delineador Labios;;;Maquillaje;0;0;Maquillaje;0;0;Maquillaje;0;0;Maquillaje;0;0;Maquillaje;Lineas;COULEURS NATURE;Maquillaje;Labios;Lápiz Delineador Labios;Maquillaje;0;0;Maquillaje;0;0;Maquillaje;0;0;Maquillaje;0;0;Maquillaje;0;0;Maquillaje;0;0;Maquillaje;0;0;Maquillaje;0;0;beauty_advice_yrab0059;sku=YR-06367,color=06367-Beige|sku=YR-06159,color=06159-Bois de Rose|sku=YR-05284,color=05284-Rojo
YR-MODEL-10;Delineador Ojos Khôl;81883;81883;Lápiz Delineador Khöl para Ojos Brun 1,3 g;Lápiz Khôl;Una mirada realzada en un solo gesto;;3660005818832;;;;;Yves Rocher;7990;;Lápiz Khôl;"¿Deseas realzar tu mirada? <br/>¡El L&aacute;piz Kh&ocirc;l es ideal para ti!.<br/><br/>Su textura deslizante y suave marca la l&iacute;nea con precisi&oacute;n desde la primera aplicaci&oacute;n, para obtener una mirada sublime.";77926,53722,81388,80841,16285,60087;77926,05829,72884,72686;;81883_1.png;;;;;;;;;APPLICATION_ADVICE_crayon_khol;Lápiz;0;1.3 gr;0;"RICINUS COMMUNIS (CASTOR) SEED OIL•CAPRYLIC/CAPRIC TRIGLYCERIDE•GLYCERYL RICINOLEATE•CANDELILLA CERA/EUPHORBIA CERIFERA (CANDELILLA) WAX/CIRE DE CANDELILLA•COPERNICIA CERIFERA CERA/CARNAUBA WAX/CIRE DE CARNAUBA•CERA ALBA/BEESWAX/CIRE D ABEILLE•MYRISTYL MYRISTATE•PHENYL TRIMETHICONE•CETYL ALCOHOL•BUTYROSPERMUM PARKII (SHEA) BUTTER•HELIANTHUS ANNUUS (SUNFLOWER) SEED OIL•BUTYROSPERMUM PARKII (SHEA) BUTTER UNSAPONIFIABLES•GOSSYPIUM HERBACEUM (COTTON) SEED OIL•AMMONIUM GLYCYRRHIZATE•ROSMARINUS OFFICINALIS (ROSEMARY) LEAF EXTRACT•PROPYLENE GLYCOL•BHT•GLYCERYL STEARATE•ASCORBYL PALMITATE•CITRIC ACID•[+/- (MAY CONTAIN/PEUT CONTENIR)•MICA•TALC•TIN OXIDE •CI 77007 (ULTRAMARINES)•CI 77288 (CHROMIUM OXIDE GREENS)•CI 77491/CI 77492/CI 77499 (IRON OXIDES)•CI 77510 (FERRIC AMMONIUM FERROCYANIDE)•CI 77510 (FERRIC FERROCYANIDE)•CI 77742 (MANGANESE VIOLET)•CI 77891 (TITANIUM DIOXIDE)•]";81883-m-spark.jpg;0;0;KHOL;0;0;Satinado;0;0;Ojos y Cejas;;0;Delineador;Delineador Ojos Básico;;;Maquillaje;0;0;Maquillaje;0;0;Maquillaje;0;0;Maquillaje;0;0;Maquillaje;Lineas;COULEURS NATURE;Maquillaje;0;0;Maquillaje;Ojos;Delineador Ojos Básico;Maquillaje;0;0;Maquillaje;0;0;Maquillaje;0;0;Maquillaje;0;0;Maquillaje;0;0;Maquillaje;0;0;Maquillaje;0;0;beauty_advice_yrab0059;sku=YR-81883,color=81883-Marrón|sku=YR-81592,color=81592-Negro
YR-MODEL-11;Lápiz de Cejas Couleurs Nature;20410;20410;Lápiz para Cejas 01 Blond 1 g;Lápiz para Cejas;Trazo preciso y muy natural;;3660005204109;;;;;Yves Rocher;9990;;Lápiz para Cejas;<b>Lápiz para cejas, muy preciso y natural con el confort de la manteca de karité</b><br/><br/>El lápiz para cejas de precisión garantizada<br/>Una mina precisa y ligeramente aterciopelada que se desliza perfectamente consiguiendo un trazo homogéneo para dibujar y dar forma a las cejas.<br/>Un cepillo perfilador que permite difuminar, alisar y disciplinar las cejas.<br/>Colores ultra-naturales que se coordinan con los diferentes tonos de cabello.<br/>Un resultado natural y preciso.<br/>Dibuja las cejas, dando forma al ojo y embelleciéndolo.<br/><br/>- Manteca de karité<br/>- Testado bajo control oftalmológico<br/><br/><b>Su Punto Fuerte</b>: Su cepillo de fibra que ofrece un acabado muy natural.;72686,70101,52832,30821,60087,43854;0;;20410B_1.png;;;;;;;;;application_advice_20410;Lápiz;0;1.0 gr;0;"GLYCERYL STEARATE•HYDROGENATED COCO-GLYCERIDES•CETYL PALMITATE•TALC•HYDROGENATED PALM OIL•CERA ALBA/BEESWAX/CIRE D ABEILLE•BUTYROSPERMUM PARKII (SHEA) BUTTER•[+/- (MAY CONTAIN/PEUT CONTENIR)•MICA•SILICA•CI 77491/CI 77492/CI 77499 (IRON OXIDES)•CI 77891 (TITANIUM DIOXIDE)•]";20410-m-spark.jpg;0;0;COULEURS NATURE;0;0;Mate;0;;Ojos y Cejas;;0;Cejas;Lápiz de Cejas;;;Maquillaje;0;0;Maquillaje;0;0;Maquillaje;0;0;Maquillaje;0;0;Maquillaje;Lineas;COULEURS NATURE;Maquillaje;0;0;Maquillaje;Ojos;Lápiz de Cejas;Maquillaje;0;0;Maquillaje;0;0;Maquillaje;0;0;Maquillaje;0;0;Maquillaje;0;0;Maquillaje;0;0;Maquillaje;0;0;beauty_advice_yrab0059;sku=YR-20410,color=20410-Rubio|sku=YR-20551,color=20551-Ceniza|sku=YR-20700,color=20700-Castaño|sku=YR-20817,color=20817-Marrón|sku=YR-56759,color=56759-Ultra Marrón
YR-MODEL-12;Base Líquida Super Mat Zero Defaut;52820;52820;Base Súper Mate Beige 100 30 ml;Maquillaje Super Mat Cero Brillos;Maquíllate sin brillos;;3660005528205;;;;;Yves Rocher;14990;;Maquillaje Super Mat Cero Brillos;¡No sufras más tus brillos, matifícalos!Por fin, una base de maquillada pensada para las pieles mixtas y grasas.<br/>Su fórmula contiene polvos muy absorbentes* como el polvo de Baikal matificante y reequilibrante.<br/><br/>Gracias a su textura no grasa con acabado en polvo, consigue una piel mate y aterciopelada sin efecto máscara**.<br/>¡Adiós a los brillos!<br/><br/>Fórmula no grasa, sin parabenos, no oclusiva y no comedogénica.<br/><br/>*Test instrumental<br/>** Test de uso realizados durante 4 semanas en 26 mujeres.;45421,81221,61717,53179;0;;52820_1.png;;;;;;;;;APPLICATION_ADVICE_SUPERMAT;Tubo;VEGETAL_BAIKAL-SUPERMAT;30.0 ml;Intenso;"AQUA/WATER/EAU•DIMETHICONE•ISODODECANE•SILICA•PROPYLHEPTYL CAPRYLATE•METHYLPROPANEDIOL•GLYCERIN•CENTAUREA CYANUS FLOWER WATER•PENTYLENE GLYCOL•PEG/PPG-18/18 DIMETHICONE•TRISILOXANE•SORBITAN ISOSTEARATE•MAGNESIUM SULFATE•SILICA SILYLATE•LECITHIN•DISTEARDIMONIUM HECTORITE•BENZYL ALCOHOL•PARFUM/FRAGRANCE•ETHYLHEXYLGLYCERIN•DIMETHICONE CROSSPOLYMER•PROPYLENE CARBONATE•SCUTELLARIA BAICALENSIS ROOT EXTRACT•XANTHAN GUM•SODIUM BENZOATE•POTASSIUM SORBATE•CITRIC ACID•TOCOPHEROL•HYDROGENATED LECITHIN•ALUMINA•MAGNESIUM OXIDE•[+/- (MAY CONTAIN/PEUT CONTENIR)•CI 77491 (IRON OXIDES)•CI 77492 (IRON OXIDES)•CI 77499 (IRON OXIDES)•CI 77891 (TITANIUM DIOXIDE)•]";52820-m-spark.jpg;Beige;0;Super Mat Zero Defaut;0;0;0;Líquido;0;Fondo;;0;Base;Base Líquida;;;Maquillaje;0;0;Maquillaje;0;0;Maquillaje;0;0;Maquillaje;0;0;Maquillaje;Lineas;COULEURS NATURE;Maquillaje;0;0;Maquillaje;0;0;Maquillaje;Rostro;Base Líquida;Maquillaje;0;0;Maquillaje;0;0;Maquillaje;0;0;Maquillaje;0;0;Maquillaje;0;0;Maquillaje;0;0;beauty_advice_yrab0034;sku=YR-52820,color=52820-Beige 100|sku=YR-52955,color=52955-Beige 200|sku=YR-53102,color=53102-Beige 300|sku=YR-53230,color=53230-Beige 400|sku=YR-53333,color=53333-Dorado 100|sku=YR-52527,color=52527-Rosáceo 100|sku=YR-52617,color=52617-Rosáceo 200|sku=YR-52702,color=52702-Rosáceo 300
YR-MODEL-13;Máscara de Cejas Couleurs Nature;2969;2969;Mascara Cejas 01 ceniza 2,5 ml;Máscara de Cejas;Una máscara con fibras 100% naturales para disciplinar con precisión y dar color a tus cejas;;3660005029696;;;;;Yves Rocher;10990;;Máscara de Cejas;Gracias a su mini cepillo y su fórmula enriquecida en fibras 100% naturales, define y da color a tus cejas.<br/>Esta máscara de cejas se adaptará a todo tipo de necesidades.<br/><br/><b>Su Punto Fuerte:</b>  su textura para una aplicación perfecta.<br/><br/>Sometido a un test bajo control oftalmológico y dermatológico.<br/>0% parabenos.<br/>;86886,20551,60723,70101,88164;86886,46463,36079,70101;;02969_1.png;;;;;;;;;APPLICATION_ADVICE_MASCARA-SOURCILS;Botella;0;2.5 ml;0;"AQUA/WATER/EAU•ALCOHOL•METHYLPROPANEDIOL•GLYCERYL STEARATE•STEARIC ACID•RICINUS COMMUNIS (CASTOR) SEED OIL•PVP•PALMITIC ACID•MICA•NYLON-12•HYDROXYETHYLCELLULOSE•BAMBUSA ARUNDINACEA STEM POWDER•SORBITAN SESQUIOLEATE•AMINOMETHYL PROPANOL•BENZYL ALCOHOL•CERA ALBA/BEESWAX/CIRE D ABEILLE•[+/- (MAY CONTAIN/PEUT CONTENIR)•CI 77491 (IRON OXIDES)•CI 77492 (IRON OXIDES)•CI 77499 (IRON OXIDES)•CI 77891 (TITANIUM DIOXIDE)•]";p02969tn;0;0;COULEURS NATURE;0;0;0;0;;Ojos y Cejas;;0;Cejas;Máscara de Cejas;;;Maquillaje;0;0;Maquillaje;0;0;Maquillaje;0;0;Maquillaje;0;0;Maquillaje;Lineas;COULEURS NATURE;Maquillaje;0;0;Maquillaje;Ojos;Máscara de Cejas;Maquillaje;0;0;Maquillaje;0;0;Maquillaje;0;0;Maquillaje;0;0;Maquillaje;0;0;Maquillaje;0;0;Maquillaje;0;0;beauty_advice_yrab0059;sku=YR-02969,color=01. Ceniza|sku=YR-84789,color=02. Castaño|sku=YR-85871,color=85871-03. Marrón
YR-MODEL-14;Polvos Compactos Zero Defaut;61717;61717;Polvo Compacto Cero Defectos Beige Clair 10 g;Polvo Compacto Zero Defaut;Un rostro perfecto y matificado;;3660005617176;;;;;Yves Rocher;16990;;Polvo Compacto Zero Defaut;Para un tono matificado cero defectos y una textura de cutis fina. El polvo Zéro Défaut es un polvo de textura ultrafina para un tono naturalmente unificado y matificado. Gracias a su tacto sedoso, embellece el cutis para una sensación de confort.  La textura de la piel se afina, la piel se embellece. Su +: Textura fusión, pack eco-concebido: 14 toneladas de plástico ahorradas.;47298,86419,81221,53914;81221,53914,07078;;61717_2.png;;;;;;;;;APPLICATION_ADVICE_poudre_zero_defaut;Caja;VEGETAL_bambou;10.0 gr;Intenso;"TALC•MICA •NYLON-12•ZEA MAYS (CORN) STARCH•DIMETHICONE•ZINC STEARATE•PENTYLENE GLYCOL•DIISOSTEARYL MALATE•OCTYLDODECYL STEAROYL STEARATE•CAPRYLYL GLYCOL•SODIUM DEHYDROACETATE•LAUROYL LYSINE•TOCOPHERYL ACETATE•ORYZA SATIVA (RICE) HULL POWDER•BAMBUSA ARUNDINACEA STEM POWDER•PARFUM/FRAGRANCE•[+/- (MAY CONTAIN/PEUT CONTENIR)•CI 77007 (ULTRAMARINES)•CI 77491 (IRON OXIDES)•CI 77492 (IRON OXIDES)•CI 77499 (IRON OXIDES)•]";61717-m-spark.jpg;Beige;0;Zero Defaut;0;0;0;Polvo;0;Fondo;;0;Polvos;Polvos Compactos;;;Maquillaje;0;0;Maquillaje;0;0;Maquillaje;0;0;Maquillaje;0;0;Maquillaje;Lineas;COULEURS NATURE;Maquillaje;0;0;Maquillaje;0;0;Maquillaje;Rostro;Polvos Compactos;Maquillaje;0;0;Maquillaje;0;0;Maquillaje;0;0;Maquillaje;0;0;Maquillaje;0;0;Maquillaje;0;0;beauty_advice_yrab0059;sku=YR-61717,color=61717-Beige Claro|sku=YR-63541,color=63541-Beige Oscuro|sku=YR-62741,color=62741-Beige Medio|sku=YR-65378,color=65378-Rosáceo Medio
YR-MODEL-15;Polvos Sueltos Pure Light;41942;41942;Polvos Sueltos Pure Light  beige 15 g;Polvos Sueltos Iluminadores;Una explosión de luminosidad sobre el cutis.;;3660005419428;;;;;Yves Rocher;16990;;Polvos Sueltos Iluminadores;Unos Polvos Sueltos que fijan e iluminan el maquillaje sin brillos. Déjate seducir por ellos y su textura ultra fina enriquecida con extracto de Arroz, realza la luminosidad y la oxigenación, deja la piel respirar para revelar el resplandor natural de la tez en transparencia. La tez está ligera, naturalmente luminosa a lo largo del día.;47298,81221,22004,86419,26339,15162;40952,72289,32806,81592;;41942_1.png;;;;;;;;;APPLICATION_ADVICE_00042;Caja;0;15.0 gr;0;"TALC•ALUMINUM STARCH OCTENYLSUCCINATE•ZINC STEARATE•MAGNESIUM MYRISTATE•CAPRYLYL GLYCOL•MAGNESIUM CARBONATE•INOSITOL•PARFUM/FRAGRANCE•[+/- (MAY CONTAIN/PEUT CONTENIR)•CI 77491/CI 77492/CI 77499 (IRON OXIDES)•]";00042-m-spark.jpg;0;0;Pure Light;0;0;0;0;0;0;;0;Polvos;Polvos Sueltos;;;Maquillaje;0;0;Maquillaje;0;0;Maquillaje;0;0;Maquillaje;0;0;Maquillaje;Lineas;COULEURS NATURE;Maquillaje;0;0;Maquillaje;0;0;Maquillaje;Rostro;Polvos Sueltos;Maquillaje;0;0;Maquillaje;0;0;Maquillaje;0;0;Maquillaje;0;0;Maquillaje;0;0;Maquillaje;0;0;beauty_advice_yrab0059;sku=YR-41942,color=00042-Beige|sku=YR-41944,color=Sin color
YR-MODEL-16;Sombra Crayón Lifeproof Couleurs Nature;30485;30485;Sombra en Barra BRONZE 1.4 g;Sombra Lifeproof;Una mirada perfecta desde la mañana hasta el final del día.;;3660005304854;;;;;Yves Rocher;12990;;Sombra Lifeproof;Porque todos los días no son iguales, están llenos de actividades, imprevistos, emociones…, la sombra Liferproof* es el aliado indispensable para una mirada perfecta desde la mañana hasta el final del día.<br/>Disponible en 10 tonos y dos acabados de larga duración y resistente al agua, te acompañara todo el día para vivir plenamente cada instante sin renunciar a tu maquillaje.<br/>Una vez aplicada, el color permanece uniforme e intenso, sin cambiar ni dejar marca incluso después de una sesión de sport.<br/>Gracias a su textura cremosa enriquecida en aceite de algodón y su formato en lápiz fácil de aplicar, la sombra Liferproof* se  convertirá en tu indispensable.<br/><br/><b>Su punto fuerte:</b>Su formato en lápiz de fácil aplicación, para un maquillaje funcional.<br/><br/>Sometido a un test bajo control oftalmológico y ojos sensibles.<br/>0% perfume, 0% parabenos, 0% siliconas.<br/>Eficacia comprobada.<br/>Duración hasta 14 horas**<br/><br/>*Resistente en toda circunstancia<br/>** Prueba científica obtenida sobre 21 mujeres;36767,88047,84789,89563,57486;36767,89563,57486,58887;;30485_1.png;;;;;;;;;APPLICATION_ADVICE_OMBRE-LIFEPROOF;Lápiz;0;1.4 gr;0;"ISODODECANE•SYNTHETIC WAX•MICA•ETHYLENE/PROPYLENE COPOLYMER•POLYMETHYLSILSESQUIOXANE•SILICA•POLYBUTENE•HYDROGENATED POLYDICYCLOPENTADIENE•SUCROSE TETRASTEARATE TRIACETATE•COCO-CAPRYLATE/CAPRATE•ORYZA SATIVA (RICE) BRAN WAX•SYNTHETIC BEESWAX•HYDROGENATED CASTOR OIL•PENTAERYTHRITYL TETRA-DI-t-BUTYL HYDROXYHYDROCINNAMATE•GOSSYPIUM HERBACEUM (COTTON) SEED OIL•[+/- (MAY CONTAIN/PEUT CONTENIR)•CALCIUM SODIUM BOROSILICATE•SYNTHETIC FLUORPHLOGOPITE•TIN OXIDE•CI 42090 (BLUE 1 LAKE)•CI 77007 (ULTRAMARINES)•CI 77163 (BISMUTH OXYCHLORIDE)•CI 77288 (CHROMIUM OXIDE GREENS)•CI 77491 (IRON OXIDES)•CI 77492 (IRON OXIDES)•CI 77499 (IRON OXIDES)•CI 77510 (FERRIC AMMONIUM FERROCYANIDE)•CI 77510 (FERRIC FERROCYANIDE)•CI 77742 (MANGANESE VIOLET)•CI 77891 (TITANIUM DIOXIDE)•]";30485-m-spark.jpg;0;0;COULEURS NATURE;0;0;Nacarado;Textura Cremosa;;Ojos y Cejas;;0;Sombras;Sombra Crayón;;;Maquillaje;0;0;Maquillaje;0;0;Maquillaje;0;0;Maquillaje;0;0;Maquillaje;Lineas;COULEURS NATURE;Maquillaje;0;0;Maquillaje;Ojos;Sombra Crayón;Maquillaje;0;0;Maquillaje;0;0;Maquillaje;0;0;Maquillaje;0;0;Maquillaje;0;0;Maquillaje;0;0;Maquillaje;0;0;beauty_advice_yrab0059;sku=YR-30485,color=30485-03. Bronce|sku=YR-31679,color=31679-09. Marrón Mate|sku=YR-22988,color=22988-01. Nude Mate|sku=YR-21917,color=21917-02. Oro|sku=YR-28048,color=28048-08. Taupe
YR-MODEL-18;Delineador Ojos Retráctil Waterproof Stylo;47311;21999;Lápiz Delineador para Ojos Waterproof Anthracite 0,3 g;Stylo Ojos Waterproof;Colores espectaculares;;3660005473116;;;;;Yves Rocher;7990;;Stylo Ojos Waterproof;<b>Euforia del color</b><br /><br />Un lápiz waterproof práctico y preciso para un maquillaje rico en colores. Su textura cremosa enriquecida con extractos de Camomila, tradicionalmente conocida por su propiedades anti-deshidratantes y de protección, se desliza perfectamente y resalta la mirada con un color intenso.<br />Su fórmula resistente al agua garantiza una permanencia única del maquillaje.<br /><br /><b>Su Punto Fuerte</b> :<br />- sacapuntas integrado para asegurar un trazo ultra preciso.<br />- Mina retráctil ultra-practica.<br /><br />Testado bajo control oftalmológico;14930,52832,44684,60087,01961,10689;W14930,61299,00392,25552;;47311_1.png;;;;;;;;;application_advice_00471;Bolígrafo;0;0.3 gr;0;"DIMETHICONE•TRIMETHYLSILOXYSILICATE•PARAFFIN•POLYETHYLENE•PHENYL TRIMETHICONE•C18-36 ACID GLYCOL ESTER•CERA MICROCRISTALLINA•POLYGLYCERYL-4 DIISOSTEARATE/POLYHYDROXYSTEARATE/SEBACATE•TOCOPHERYL ACETATE•TOCOPHEROL•SYNTHETIC WAX•GOSSYPIUM HERBACEUM SEED OIL•BHT•[+/-CALCIUM ALUMINUM BOROSILICATE•MICA•SILICA•SYNTHETIC FLUORPHLOGOPITE•TIN OXIDE•CI 16035•CI 19140•CI 42090•CI 77000•CI 77007•CI 77491•CI 77492•CI 77499•CI 77510•CI 77742•CI 77891•]";21999-m-spark.jpg;0;0;STYLO;0;0;Satinado;0;;Ojos y Cejas;;0;Delineador;Delineador Ojos Retráctil ;;;Maquillaje;0;0;Maquillaje;0;0;Maquillaje;0;0;Maquillaje;0;0;Maquillaje;Lineas;COULEURS NATURE;Maquillaje;0;0;Maquillaje;Ojos;Delineador Ojos Retráctil ;Maquillaje;0;0;Maquillaje;0;0;Maquillaje;0;0;Maquillaje;0;0;Maquillaje;0;0;Maquillaje;0;0;Maquillaje;0;0;beauty_advice_yrab0059;sku=YR-47311,color=21999-Antracita|sku=YR-40202,color=36310-Azul Flash|sku=YR-70128,color=20640-Marrón|sku=YR-45030,color=36767-Cobre|sku=YR-46198,color=81587-Dorado|sku=YR-38307,color=36232-Negro|sku=YR-44092,color=36647-Turquesa|sku=YR-41479,color=36407-Verde|sku=YR-42692,color=36530-Violeta
YR-MODEL-25;Grand Rouge Elixir Matte;20633;20633;Labial Liq GD Rouge Elixir  107 7 ml;Barra de Labios LÃ­quida L'Elixir;Larga duraciÃ³n 12h*;;3660005206332;;;;;Yves Rocher;12990;;Barra de Labios LÃ­quida L'Elixir;Grand Rouge  L'elixir es la combinaciÃ³n perfecta entre los activos vegetales y su fÃ³rmula con alta concentraciÃ³n en pigmentos.<br/>FÃ³rmula sÃºper concentrada en aceite de Camelia regenerante** que proporciona una textura ultra confortable. <br/><br/>FÃ³rmula con alta concentraciÃ³n en pigmentos que aseguran una <b>mÃ¡xima cobertura.</b>  Un acabado mate de <b>larga duraciÃ³n 12h*.</b><br/><b>FÃ³rmula respetuosa: </b>Sin carmÃ­n de cochinilla ni parabenos.<br/><br/>Eficacia comprobada: 12h* de duraciÃ³n. El 96% de las mujeres encuentran que el color sobre sus labios es intenso** o el 80% de las mujeres encuentran que la textura sobre sus labios es confortable.<br/><br/>FÃ³rmula testada bajo control dermatolÃ³gico.<br/>*Test de eficacia realizado sobre 11 mujeres** Prueba de uso realizada sobre 102 mujeres durante 10 dÃ­as consecutivos*** Pruebas in vitro;06159,60226,30667,45367,88164;06159,00599,46463,60226;;20633_1.png;;;;;;;;;APPLICATION_ADVICE_GRLELIXIR;Mini frasco;VEGETAL_CAMELIA_GRAND_ROUGE;7.0 ml;0;"DIMETHICONEâ€¢TRIISOSTEARYL TRILINOLEATEâ€¢BIS-DIGLYCERYL POLYACYLADIPATE-2â€¢VINYL DIMETHICONE/METHICONE SILSESQUIOXANE CROSSPOLYMERâ€¢GLYCERYL BEHENATEâ€¢TRIISOSTEAROYL POLYGLYCERYL-3 DIMER DILINOLEATEâ€¢CAMELLIA OLEIFERA SEED OILâ€¢DIMETHICONE CROSSPOLYMERâ€¢CERA ALBA/BEESWAX/CIRE D ABEILLEâ€¢PARFUM/FRAGRANCEâ€¢[+/- (MAY CONTAIN/PEUT CONTENIR)â€¢CI 12085 (RED 36)â€¢CI 15850 (RED 6)â€¢CI 15850 (RED 7 LAKE)â€¢CI 16035 (RED 40 LAKE)â€¢CI 19140 (YELLOW 5 LAKE)â€¢CI 42090 (BLUE 1 LAKE)â€¢CI 45380 (RED 21 LAKE)â€¢CI 45410 (RED 27 LAKE)â€¢CI 73360 (RED 30)â€¢CI 77491 (IRON OXIDES)â€¢CI 77492 (IRON OXIDES)â€¢CI 77499 (IRON OXIDES)â€¢CI 77891 (TITANIUM DIOXIDE)â€¢]
";20633-m-spark.jpg;0;0;Grand Rouge Elixir;0;0;Mate;LÃ­quido;;Labios;;0;Labiales;Labial LÃ­quido;;;Maquillaje;0;0;Maquillaje;0;0;Maquillaje;0;0;Maquillaje;0;0;Maquillaje;Lineas;COULEURS NATURE;Maquillaje;Labios;Labial LÃ­quido;Maquillaje;0;0;Maquillaje;0;0;Maquillaje;0;0;Maquillaje;0;0;Maquillaje;0;0;Maquillaje;0;0;Maquillaje;0;0;Maquillaje;0;0;beauty_advice_yrab0059;sku=YR-20633,color=20633-107. Rosa Chispeante|sku=YR-21156,color=21156-108. Frambuesa Profunda|sku=YR-21592,color=21592-109. Rosa Intenso|sku=YR-22098,color=22098-110. Amapola|sku=YR-22491,color=22491-111. Rojo RosÃ¡ceo|sku=YR-22874,color=22874-112. Burdeos|sku=YR-17848,color=17848-101. Rosa Nude|sku=YR-18335,color=18335-102. Rosa Blush|sku=YR-19275,color=19275-104. Lilas|sku=YR-20213,color=20213-106. PÃºrpura|sku=YR-20633,color=20633-107. Rosa Chispeante|sku=YR-21156,color=21156-108. Frambuesa Profunda|sku=YR-21592,color=21592-109. Rosa Intenso|sku=YR-22098,color=22098-110. Amapola|sku=YR-22491,color=22491-111. Rojo RosÃ¡ceo|sku=YR-22874,color=22874-112. Burdeos|sku=YR-17848,color=17848-101. Rosa Nude|sku=YR-18335,color=18335-102. Rosa Blush|sku=YR-19275,color=19275-104. Lilas|sku=YR-20213,color=20213-106. PÃºrpura|sku=YR-20633,color=20633-107. Rosa Chispeante|sku=YR-21156,color=21156-108. Frambuesa Profunda|sku=YR-21592,color=21592-109. Rosa Intenso|sku=YR-22098,color=22098-110. Amapola|sku=YR-22491,color=22491-111. Rojo RosÃ¡ceo|sku=YR-22874,color=22874-112. Burdeos|sku=YR-17848,color=17848-101. Rosa Nude|sku=YR-18335,color=18335-102. Rosa Blush|sku=YR-19275,color=19275-104. Lilas|sku=YR-20213,color=20213-106. PÃºrpura|sku=YR-20633,color=20633-107. Rosa Chispeante|sku=YR-21156,color=21156-108. Frambuesa Profunda|sku=YR-21592,color=21592-109. Rosa Intenso|sku=YR-22098,color=22098-110. Amapola|sku=YR-22491,color=22491-111. Rojo RosÃ¡ceo|sku=YR-22874,color=22874-112. Burdeos|sku=YR-17848,color=17848-101. Rosa Nude|sku=YR-18335,color=18335-102. Rosa Blush|sku=YR-19275,color=19275-104. Lilas|sku=YR-20213,color=20213-106. PÃºrpura
YR-MODEL-26;Rouge Vertige Satinado;25161;25161;Labial Rouge Vertige Satinado 30 3,7 g;Barra de Labios Rouge Vertige Satinado;Unos labios sublimados y nutridos;;3660005251615;;;;;Yves Rocher;8990;;Barra de Labios Rouge Vertige Satinado;"Colores brillantes que visten, un tratamiento nutritivo que envuelve. <br/><br/>28 tonos y efectos desde el mÃ¡s delicado de los nude al mÃ¡s intenso de los rojos; infinitas variaciones para embellecer a todas las mujeres. <br/>Colores resplandecientes asociados a una textura tratamiento al aceite de Cereza nutritivo para un confort absoluto. <br/><br/><b>Su +</b> : Textura fundente. <br/>Eficacia constatada: 79% de las mujeres declaran que el color resplandece sobre los labios*. <br/><p style=""font-size:9px;"">*Test realizado sobre 105 mujeres durante 7 dÃ­as</p>";04732,51097,55987,69812;51097,05284,52124;;25161_1.png;;;;;;;;;APPLICATION_ADVICE_ROUGE_VERTIGE_2017;Tubo;VEGETAL_CERISE;3.7 gr;0;"SESAMUM INDICUM (SESAME) SEED OILâ€¢COCOS NUCIFERA (COCONUT) OILâ€¢CERA MICROCRISTALLINA/MICROCRYSTALLINE WAX/CIRE MICROCRISTALLINEâ€¢BUTYROSPERMUM PARKII (SHEA) BUTTERâ€¢PROPYLHEPTYL CAPRYLATEâ€¢POLYGLYCERYL-3 DIISOSTEARATEâ€¢PENTAERYTHRITYL TETRAISOSTEARATEâ€¢TRIISOSTEAROYL POLYGLYCERYL-3 DIMER DILINOLEATEâ€¢BIS-DIGLYCERYL POLYACYLADIPATE-2â€¢PRUNUS ARMENIACA (APRICOT) KERNEL OILâ€¢C30-50 ALCOHOLSâ€¢CANDELILLA CERA/EUPHORBIA CERIFERA (CANDELILLA) WAX/CIRE DE CANDELILLAâ€¢PRUNUS AVIUM (SWEET CHERRY) SEED OILâ€¢TOCOPHERYL ACETATEâ€¢DISTEARDIMONIUM HECTORITEâ€¢PARFUM/FRAGRANCEâ€¢LECITHINâ€¢CITRIC ACIDâ€¢BHTâ€¢GERANIOLâ€¢CITRONELLOLâ€¢LINALOOLâ€¢BENZYL ALCOHOLâ€¢[+/- (MAY CONTAIN/PEUT CONTENIR)â€¢CALCIUM ALUMINUM BOROSILICATEâ€¢MICAâ€¢SILICAâ€¢SYNTHETIC FLUORPHLOGOPITEâ€¢TIN OXIDEâ€¢CI 12085 (RED 36)â€¢CI 15850 (RED 6)â€¢CI 15850 (RED 7 LAKE)â€¢CI 16035 (RED 40 LAKE)â€¢CI 19140 (YELLOW 5 LAKE)â€¢CI 42090 (BLUE 1 LAKE)â€¢CI 45380 (RED 21 LAKE)â€¢CI 45410 (RED 27 LAKE)â€¢CI 73360 (RED 30)â€¢CI 77491 (IRON OXIDES)â€¢CI 77492 (IRON OXIDES)â€¢CI 77499 (IRON OXIDES)â€¢CI 77891 (TITANIUM DIOXIDE)â€¢]
";25161-m-spark.jpg;0;0;Rouge Vertige;0;0;Satinado;0;;Labios;;0;Labiales;Labial Barra;;;Maquillaje;0;0;Maquillaje;0;0;Maquillaje;0;0;Maquillaje;0;0;Maquillaje;Lineas;COULEURS NATURE;Maquillaje;Labios;Labial Barra;Maquillaje;0;0;Maquillaje;0;0;Maquillaje;0;0;Maquillaje;0;0;Maquillaje;0;0;Maquillaje;0;0;Maquillaje;0;0;Maquillaje;0;0;beauty_advice_yrab0059;sku=YR-25161,color=25161-30. Rosa Suave|sku=YR-22634,color=03. Nude|sku=YR-22824,color=04. Nude|sku=YR-23004,color=05. Mauve|sku=YR-23536,color=08. Mauve|sku=YR-23872,color=10. Rose|sku=YR-24463,color=13. Rose|sku=YR-40399,color=16. Rouge|sku=YR-40938,color=18. Rouge|sku=YR-24283,color=12. Rosa Brillante|sku=YR-24882,color=15. Rojo Anaranjado|sku=YR-25161,color=25161-30. Rosa Suave|sku=YR-22634,color=03. Nude|sku=YR-22824,color=04. Nude|sku=YR-23004,color=05. Mauve|sku=YR-23536,color=08. Mauve|sku=YR-23872,color=10. Rose|sku=YR-24463,color=13. Rose|sku=YR-40399,color=16. Rouge|sku=YR-40938,color=18. Rouge|sku=YR-24283,color=12. Rosa Brillante|sku=YR-24882,color=15. Rojo Anaranjado|sku=YR-25161,color=25161-30. Rosa Suave|sku=YR-22634,color=03. Nude|sku=YR-22824,color=04. Nude|sku=YR-23004,color=05. Mauve|sku=YR-23536,color=08. Mauve|sku=YR-23872,color=10. Rose|sku=YR-24463,color=13. Rose|sku=YR-40399,color=16. Rouge|sku=YR-40938,color=18. Rouge|sku=YR-24283,color=12. Rosa Brillante|sku=YR-24882,color=15. Rojo Anaranjado|sku=YR-25161,color=25161-30. Rosa Suave|sku=YR-22634,color=03. Nude|sku=YR-22824,color=04. Nude|sku=YR-23004,color=05. Mauve|sku=YR-23536,color=08. Mauve|sku=YR-23872,color=10. Rose|sku=YR-24463,color=13. Rose|sku=YR-40399,color=16. Rouge|sku=YR-40938,color=18. Rouge|sku=YR-24283,color=12. Rosa Brillante|sku=YR-24882,color=15. Rojo Anaranjado
